<?xml version="1.0"?>
<WebService>
	<Component OutputDllName="R2R_UIService_Config.dll">
        <Url src="http://localhost:58251/Adapter/R2R_UIService_Config.asmx" />
		<ClassTypes>
			<ClassType name="R2R_UIService_Config"/>
			<ClassType name="RequestSchema_R2R_UI_Config_Get"/>
			<ClassType name="RequestSchema_R2R_UI_Config_Update"/>
			<ClassType name="RequestSchema_R2R_UI_Config_Get_TableList"/>
			<ClassType name="RequestSchema_R2R_UI_Config_Get_PH_Main"/>
		</ClassTypes>
		<Actions>
			<Action name="R2R_UI_Config_Get" classname="R2R_UIService_Config" parameter="RequestSchema_R2R_UI_Config_Get"/>
			<Action name="R2R_UI_Config_Update" classname="R2R_UIService_Config" parameter="RequestSchema_R2R_UI_Config_Update"/>
			<Action name="R2R_UI_Config_Get_TableList" classname="R2R_UIService_Config" parameter="RequestSchema_R2R_UI_Config_Get_TableList"/>
			<Action name="R2R_UI_Config_Get_PH_Main" classname="R2R_UIService_Config" parameter="RequestSchema_R2R_UI_Config_Get_PH_Main"/>
		</Actions>
    </Component>
</WebService>
