<?xml version="1.0"?>
<WebService>
    <Component name="LoginService" OutputDllName="LoginService.dll">
        <Url src="http://152.135.85.238:58251/Adapter/LIS_UI_LoginService.asmx" />
		<ClassTypes>
			<ClassType name="LIS_UI_LoginService"/>
			<ClassType name="LoginRequest"/>
		</ClassTypes>
		<Actions>
			<Action name="Login" classname="LIS_UI_LoginService" parameter="LoginRequest"/>
		</Actions>
    </Component>
	<Component name="LithoService" OutputDllName="GreenUI_Cmd_Litho_ModeView_Service.dll">
        <Url src="http://152.135.85.238:58251/Adapter/GreenUI_Cmd_Litho_ModeView_Service.asmx" />
		<ClassTypes>
			<ClassType name="GreenUI_Cmd_Litho_ModeView_Service"/>
			<ClassType name="GetContextRowsCDRequest"/>
			<ClassType name="GetContextRowsOVLRequest"/>
			<ClassType name="GetLayerListRequest"/>
			<ClassType name="GetModeColumnListRequest"/>
			<ClassType name="GetProductListRequest"/>
		</ClassTypes>
		<Actions>
			<Action name="GetContextRowsCD" classname="GreenUI_Cmd_Litho_ModeView_Service" parameter="GetContextRowsCDRequest"/>
			<Action name="GetContextRowsOVL" classname="GreenUI_Cmd_Litho_ModeView_Service" parameter="GetContextRowsOVLRequest"/>
			<Action name="GetLayerList" classname="GreenUI_Cmd_Litho_ModeView_Service" parameter="GetLayerListRequest"/>
			<Action name="GetModeColumnList" classname="GreenUI_Cmd_Litho_ModeView_Service" parameter="GetModeColumnListRequest"/>
			<Action name="GetProductList" classname="GreenUI_Cmd_Litho_ModeView_Service" parameter="GetProductListRequest"/>
		</Actions>
    </Component>
	<Component name="ConfigCDService" OutputDllName="GreenUI_Cmd_Litho_ConfigCD_Service.dll">
        <Url src="http://152.135.85.238:58251/Adapter/GreenUI_Cmd_Litho_ConfigCD_Service.asmx" />
		<ClassTypes>
			<ClassType name="GreenUI_Cmd_Litho_ConfigCD_Service"/>
			<ClassType name="GetContextConfigCDRequest"/>
			<ClassType name="GetContextContentCDRequest"/>
			<ClassType name="GetContextParametersCDRequest"/>
			<ClassType name="SaveContextConfigCDRequest"/>
		</ClassTypes>
		<Actions>
			<Action name="GetContextConfigCD" classname="GreenUI_Cmd_Litho_ConfigCD_Service" parameter="GetContextConfigCDRequest"/>
			<Action name="GetContextContentCD" classname="GreenUI_Cmd_Litho_ConfigCD_Service" parameter="GetContextContentCDRequest"/>
			<Action name="GetContextParametersCD" classname="GreenUI_Cmd_Litho_ConfigCD_Service" parameter="GetContextParametersCDRequest"/>
			<Action name="SaveContextConfigCD" classname="GreenUI_Cmd_Litho_ConfigCD_Service" parameter="SaveContextConfigCDRequest"/>
		</Actions>
    </Component>
	<Component name="ConfigOVLService" OutputDllName="GreenUI_Cmd_Litho_ConfigOVL_Service.dll">
        <Url src="http://152.135.85.238:58251/Adapter/GreenUI_Cmd_Litho_ConfigOVL_Service.asmx" />
		<ClassTypes>
			<ClassType name="GreenUI_Cmd_Litho_ConfigOVL_Service"/>
			<ClassType name="GetContextConfigOVLRequest"/>
			<ClassType name="GetContextContentOVLRequest"/>
			<ClassType name="GetContextParametersOVLRequest"/>
			<ClassType name="SaveContextConfigOVLRequest"/>
		</ClassTypes>
		<Actions>
			<Action name="GetContextConfigOVL" classname="GreenUI_Cmd_Litho_ConfigOVL_Service" parameter="GetContextConfigOVLRequest"/>
			<Action name="GetContextContentOVL" classname="GreenUI_Cmd_Litho_ConfigOVL_Service" parameter="GetContextContentOVLRequest"/>
			<Action name="GetContextParametersOVL" classname="GreenUI_Cmd_Litho_ConfigOVL_Service" parameter="GetContextParametersOVLRequest"/>
			<Action name="SaveContextConfigOVL" classname="GreenUI_Cmd_Litho_ConfigOVL_Service" parameter="SaveContextConfigOVLRequest"/>
		</Actions>
    </Component>
	<Component name="CreateSpecialJobService" OutputDllName="GreenUI_Cmd_Litho_CreateSpecialJob_Service.dll">
        <Url src="http://152.135.85.238:58251/Adapter/GreenUI_Cmd_Litho_CreateSpecialJob_Service.asmx" />
		<ClassTypes>
			<ClassType name="GreenUI_Cmd_Litho_CreateSpecialJob_Service"/>
			<ClassType name="ChangeSpecialJobPropertyRequest"/>
			<ClassType name="GetReticleForLayerRequest"/>
			<ClassType name="QueryReferences4SpecialJobRequest"/>
			<ClassType name="SaveSpecialJobRequest"/>
		</ClassTypes>
		<Actions>
			<Action name="ChangeSpecialJobProperty" classname="GreenUI_Cmd_Litho_CreateSpecialJob_Service" parameter="ChangeSpecialJobPropertyRequest"/>
			<Action name="GetReticleForLayer" classname="GreenUI_Cmd_Litho_CreateSpecialJob_Service" parameter="GetReticleForLayerRequest"/>
			<Action name="QueryReferences4SpecialJob" classname="GreenUI_Cmd_Litho_CreateSpecialJob_Service" parameter="QueryReferences4SpecialJobRequest"/>
			<Action name="SaveSpecialJob" classname="GreenUI_Cmd_Litho_CreateSpecialJob_Service" parameter="SaveSpecialJobRequest"/>
			<Action name="DeleteNewSpecialJob" classname="GreenUI_Cmd_Litho_CreateSpecialJob_Service" parameter="DeleteNewSpecialJobRequest"/>
			</Actions>
    </Component>
	<Component name="SpecialJobListService" OutputDllName="GreenUI_Cmd_Litho_SpecialJobList_Service.dll">
        <Url src="http://152.135.85.238:58251/Adapter/GreenUI_Cmd_Litho_SpecialJobList_Service.asmx" />
		<ClassTypes>
			<ClassType name="GreenUI_Cmd_Litho_SpecialJobList_Service"/>
			<ClassType name="GetProductLayerListRequest"/>
			<ClassType name="GetToolListRequest"/>
			<ClassType name="QuerySpecialJobListRequest"/>
			<ClassType name="QuerySpecialJobParametersRequest"/>
		</ClassTypes>
		<Actions>
			<Action name="GetProductLayerList" classname="GreenUI_Cmd_Litho_SpecialJobList_Service" parameter="GetProductLayerListRequest"/>
			<Action name="GetToolList" classname="GreenUI_Cmd_Litho_SpecialJobList_Service" parameter="GetToolListRequest"/>
			<Action name="QuerySpecialJobList" classname="GreenUI_Cmd_Litho_SpecialJobList_Service" parameter="QuerySpecialJobListRequest"/>
			<Action name="QuerySpecialJobParameters" classname="GreenUI_Cmd_Litho_SpecialJobList_Service" parameter="QuerySpecialJobParametersRequest"/>
		</Actions>
    </Component>
	<Component name="ConfigUIService" OutputDllName="GreenUI_Cmd_Litho_ConfigUI_Service.dll">
        <Url src="http://152.135.85.238:58251/Adapter/GreenUI_Cmd_Litho_ConfigUI_Service.asmx" />
		<ClassTypes>
			<ClassType name="GetProductListRequest"/>
			<ClassType name="GetLayerListRequest"/>
			<ClassType name="GreenUI_Cmd_Litho_ConfigUI_Service"/>
			<ClassType name="DeleteExistingProductRequest"/>
			<ClassType name="AddDedicationWaferRequest"/>
			<ClassType name="AddNewCDContextRequest"/>
			<ClassType name="AddNewLayerRequest"/>
			<ClassType name="AddNewProductRequest"/>
			<ClassType name="AddNewOVLContextRequest"/>
			<ClassType name="DeleteDedicationWaferRequest"/>
			<ClassType name="DeleteExistingCDContextRequest"/>
			<ClassType name="DeleteExistingLayerRequest"/>
			<ClassType name="DeleteExistingOVLContextRequest"/>
			<ClassType name="GetRuntimeConfig4LayerRequest"/>
			<ClassType name="QueryCDContextConfigRequest"/>
			<ClassType name="QueryCDContextLimitSettingsRequest"/>
			<ClassType name="QueryDedicationWaferList4LayerRequest"/>
			<ClassType name="QueryDedicationWaferListByRootRequest"/>
			<ClassType name="QueryExistingCDContextRequest"/>
			<ClassType name="QueryExistingOVLContextRequest"/>
			<ClassType name="QueryOVLContextConfigRequest"/>
			<ClassType name="QueryOVLContextFixedValueRequest"/>
			<ClassType name="QueryOVLContextLimitSettingsRequest"/>
			<ClassType name="QueryOVLContextOffsetRequest"/>
			<ClassType name="SaveCDContextLimitSettingsRequest"/>
			<ClassType name="SaveOVLContextFixedValueRequest"/>
			<ClassType name="SaveOVLContextLimitSettingsRequest"/>
			<ClassType name="SaveOVLContextOffsetRequest"/>
			<ClassType name="SaveRuntimeValueRequest"/>
			<ClassType name="SaveCDContextConfigRequest"/>
			<ClassType name="SaveCDContextFixedValueRequest"/>
			<ClassType name="SaveOVLContextConfigRequest"/>
		</ClassTypes>
		<Actions>
			<Action name="GetProductList" classname="GreenUI_Cmd_Litho_ConfigUI_Service" parameter="GetProductListRequest"/>
			<Action name="GetLayerList" classname="GreenUI_Cmd_Litho_ConfigUI_Service" parameter="GetLayerListRequest"/>
			<Action name="DeleteExistingProduct" classname="GreenUI_Cmd_Litho_ConfigUI_Service" parameter="DeleteExistingProductRequest"/>		
			<Action name="AddDedicationWafer" classname="GreenUI_Cmd_Litho_ConfigUI_Service" parameter="AddDedicationWaferRequest"/>		
			<Action name="AddNewCDContext" classname="GreenUI_Cmd_Litho_ConfigUI_Service" parameter="AddNewCDContextRequest"/>		
			<Action name="AddNewLayer" classname="GreenUI_Cmd_Litho_ConfigUI_Service" parameter="AddNewLayerRequest"/>		
			<Action name="AddNewProduct" classname="GreenUI_Cmd_Litho_ConfigUI_Service" parameter="AddNewProductRequest"/>		
			<Action name="AddNewOVLContext" classname="GreenUI_Cmd_Litho_ConfigUI_Service" parameter="AddNewOVLContextRequest"/>		
			<Action name="DeleteDedicationWafer" classname="GreenUI_Cmd_Litho_ConfigUI_Service" parameter="DeleteDedicationWaferRequest"/>		
			<Action name="DeleteExistingCDContext" classname="GreenUI_Cmd_Litho_ConfigUI_Service" parameter="DeleteExistingCDContextRequest"/>		
			<Action name="DeleteExistingLayer" classname="GreenUI_Cmd_Litho_ConfigUI_Service" parameter="DeleteExistingLayerRequest"/>		
			<Action name="DeleteExistingOVLContext" classname="GreenUI_Cmd_Litho_ConfigUI_Service" parameter="DeleteExistingOVLContextRequest"/>		
			<Action name="GetRuntimeConfig4Layer" classname="GreenUI_Cmd_Litho_ConfigUI_Service" parameter="GetRuntimeConfig4LayerRequest"/>		
			<Action name="QueryCDContextConfig" classname="GreenUI_Cmd_Litho_ConfigUI_Service" parameter="QueryCDContextConfigRequest"/>		
			<Action name="QueryCDContextLimitSettings" classname="GreenUI_Cmd_Litho_ConfigUI_Service" parameter="QueryCDContextLimitSettingsRequest"/>		
			<Action name="QueryDedicationWaferList4Layer" classname="GreenUI_Cmd_Litho_ConfigUI_Service" parameter="QueryDedicationWaferList4LayerRequest"/>		
			<Action name="QueryDedicationWaferListByRoot" classname="GreenUI_Cmd_Litho_ConfigUI_Service" parameter="QueryDedicationWaferListByRootRequest"/>		
			<Action name="QueryExistingCDContext" classname="GreenUI_Cmd_Litho_ConfigUI_Service" parameter="QueryExistingCDContextRequest"/>		
			<Action name="QueryExistingOVLContext" classname="GreenUI_Cmd_Litho_ConfigUI_Service" parameter="QueryExistingOVLContextRequest"/>		
			<Action name="QueryOVLContextConfig" classname="GreenUI_Cmd_Litho_ConfigUI_Service" parameter="QueryOVLContextConfigRequest"/>		
			<Action name="QueryOVLContextFixedValue" classname="GreenUI_Cmd_Litho_ConfigUI_Service" parameter="QueryOVLContextFixedValueRequest"/>		
			<Action name="QueryOVLContextLimitSettings" classname="GreenUI_Cmd_Litho_ConfigUI_Service" parameter="QueryOVLContextLimitSettingsRequest"/>		
			<Action name="QueryOVLContextOffset" classname="GreenUI_Cmd_Litho_ConfigUI_Service" parameter="QueryOVLContextOffsetRequest"/>		
			<Action name="SaveCDContextLimitSettings" classname="GreenUI_Cmd_Litho_ConfigUI_Service" parameter="SaveCDContextLimitSettingsRequest"/>		
			<Action name="SaveOVLContextFixedValue" classname="GreenUI_Cmd_Litho_ConfigUI_Service" parameter="SaveOVLContextFixedValueRequest"/>		
			<Action name="SaveOVLContextLimitSettings" classname="GreenUI_Cmd_Litho_ConfigUI_Service" parameter="SaveOVLContextLimitSettingsRequest"/>		
			<Action name="SaveOVLContextOffset" classname="GreenUI_Cmd_Litho_ConfigUI_Service" parameter="SaveOVLContextOffsetRequest"/>		
			<Action name="SaveRuntimeValue" classname="GreenUI_Cmd_Litho_ConfigUI_Service" parameter="SaveRuntimeValueRequest"/>		
			<Action name="SaveCDContextConfig" classname="GreenUI_Cmd_Litho_ConfigUI_Service" parameter="SaveCDContextConfigRequest"/>		
			<Action name="SaveCDContextFixedValue" classname="GreenUI_Cmd_Litho_ConfigUI_Service" parameter="SaveCDContextFixedValueRequest"/>		
			<Action name="SaveOVLContextConfig" classname="GreenUI_Cmd_Litho_ConfigUI_Service" parameter="SaveOVLContextConfigRequest"/>	
		</Actions>
    </Component>
</WebService>
