<YMTC>
	<Config>
		<DomainConfig>
			<DomainName Key="Amat" Value="Value1"> </DomainName>
			<DomainName Key="XMC" Value="Value2"> </DomainName>
			<DomainName Key="YMTC" Value="Value3"> </DomainName>
		</DomainConfig>
		<ServerConfig>
			<ServerAddress Key="PRODUCT" Value="localhost"> </ServerAddress>
			<ServerAddress Key="PIRUN" Value="192.168.150.135"> </ServerAddress>
			<ServerAddress Key="TEST" Value="192.168.150.135"> </ServerAddress>
		</ServerConfig>
		<ResentConfig>
			<StrConfig Key="Service" Value="7909"> </StrConfig>
			<StrConfig Key="Network" Value="null"> </StrConfig>
			<StrConfig Key="Daemon" Value="tcp:152.135.85.139:7909"> </StrConfig>
			<StrConfig Key="TargetSubject" Value="YMTCQATEST.R2R.MES.UI"> </StrConfig>
		</ResentConfig>
	</Config>
</YMTC>
