<?xml version="1.0"?>
<WebService>
    <Component OutputDllName="LoginService.dll">
        <Url src="http://localhost:58251/Adapter/LIS_UI_LoginService.asmx" />
		<ClassTypes>
			<ClassType name="LIS_UI_LoginService"/>
			<ClassType name="LoginRequest"/>
		</ClassTypes>
		<Actions>
			<Action name="Login" classname="LIS_UI_LoginService" parameter="LoginRequest"/>
		</Actions>
    </Component>
	
	<Component OutputDllName="R2R_UIService_Config.dll">
        <Url src="http://localhost:58251/Adapter/R2R_UIService_Config.asmx" />
		<ClassTypes>
			<ClassType name="R2R_UIService_Config"/>
			<ClassType name="RequestSchema_R2R_UI_Config_R2R_CMP_V2_Config_Input_Get"/>
			<ClassType name="RequestSchema_R2R_UI_Config_R2R_CMP_V2_Config_Input_Update"/>
			<ClassType name="RequestSchema_R2R_UI_Config_R2R_CMP_V2_Config_Input_Delete"/>
			
			<ClassType name="RequestSchema_R2R_UI_Config_R2R_PH_CONTROL_SPECS_CONFIG_Get"/>
			<ClassType name="RequestSchema_R2R_UI_Config_R2R_PH_CONTROL_SPECS_CONFIG_Update"/>
			<ClassType name="RequestSchema_R2R_UI_Config_R2R_PH_CONTROL_SPECS_CONFIG_Delete"/>
		</ClassTypes>
		<Actions>
			<Action name="R2R_UI_Config_R2R_CMP_V2_Config_Input_Get" classname="R2R_UIService_Config" parameter="RequestSchema_R2R_UI_Config_R2R_CMP_V2_Config_Input_Get"/>
			<Action name="R2R_UI_Config_R2R_CMP_V2_Config_Input_Update" classname="R2R_UIService_Config" parameter="RequestSchema_R2R_UI_Config_R2R_CMP_V2_Config_Input_Update"/>
			<Action name="R2R_UI_Config_R2R_CMP_V2_Config_Input_Delete" classname="R2R_UIService_Config" parameter="RequestSchema_R2R_UI_Config_R2R_CMP_V2_Config_Input_Delete"/>
			
			<Action name="R2R_UI_Config_R2R_PH_CONTROL_SPECS_CONFIG_Get" classname="R2R_UIService_Config" parameter="RequestSchema_R2R_UI_Config_R2R_PH_CONTROL_SPECS_CONFIG_Get"/>
			<Action name="R2R_UI_Config_R2R_PH_CONTROL_SPECS_CONFIG_Update" classname="R2R_UIService_Config" parameter="RequestSchema_R2R_UI_Config_R2R_PH_CONTROL_SPECS_CONFIG_Update"/>
			<Action name="R2R_UI_Config_R2R_PH_CONTROL_SPECS_CONFIG_Delete" classname="R2R_UIService_Config" parameter="RequestSchema_R2R_UI_Config_R2R_PH_CONTROL_SPECS_CONFIG_Delete"/>
		</Actions>
    </Component>
	
	<Component OutputDllName="GreenUI_Cmd_Litho_ModeView_Service.dll">
        <Url src="http://localhost:58251/Adapter/GreenUI_Cmd_Litho_ModeView_Service.asmx" />
		<ClassTypes>
			<ClassType name="GreenUI_Cmd_Litho_ModeView_Service"/>
			<ClassType name="GetContextRowsCDRequest"/>
			<ClassType name="GetContextRowsOVLRequest"/>
			<ClassType name="GetLayerListRequest"/>
			<ClassType name="GetModeColumnListRequest"/>
			<ClassType name="GetProductListRequest"/>
		</ClassTypes>
		<Actions>
			<Action name="GetContextRowsCD" classname="GreenUI_Cmd_Litho_ModeView_Service" parameter="GetContextRowsCDRequest"/>
			<Action name="GetContextRowsOVL" classname="GreenUI_Cmd_Litho_ModeView_Service" parameter="GetContextRowsOVLRequest"/>
			<Action name="GetLayerList" classname="GreenUI_Cmd_Litho_ModeView_Service" parameter="GetLayerListRequest"/>
			<Action name="GetModeColumnList" classname="GreenUI_Cmd_Litho_ModeView_Service" parameter="GetModeColumnListRequest"/>
			<Action name="GetProductList" classname="GreenUI_Cmd_Litho_ModeView_Service" parameter="GetProductListRequest"/>
		</Actions>
    </Component>
	<Component OutputDllName="GreenUI_Cmd_Litho_ConfigCD_Service.dll">
        <Url src="http://localhost:58251/Adapter/GreenUI_Cmd_Litho_ConfigCD_Service.asmx" />
		<ClassTypes>
			<ClassType name="GreenUI_Cmd_Litho_ConfigCD_Service"/>
			<ClassType name="GetContextConfigCDRequest"/>
			<ClassType name="GetContextContentCDRequest"/>
			<ClassType name="GetContextParametersCDRequest"/>
			<ClassType name="SaveContextConfigCDRequest"/>
		</ClassTypes>
		<Actions>
			<Action name="GetContextConfigCD" classname="GreenUI_Cmd_Litho_ConfigCD_Service" parameter="GetContextConfigCDRequest"/>
			<Action name="GetContextContentCD" classname="GreenUI_Cmd_Litho_ConfigCD_Service" parameter="GetContextContentCDRequest"/>
			<Action name="GetContextParametersCD" classname="GreenUI_Cmd_Litho_ConfigCD_Service" parameter="GetContextParametersCDRequest"/>
			<Action name="SaveContextConfigCD" classname="GreenUI_Cmd_Litho_ConfigCD_Service" parameter="SaveContextConfigCDRequest"/>
		</Actions>
    </Component>
	<Component OutputDllName="GreenUI_Cmd_Litho_ConfigOVL_Service.dll">
        <Url src="http://localhost:58251/Adapter/GreenUI_Cmd_Litho_ConfigOVL_Service.asmx" />
		<ClassTypes>
			<ClassType name="GreenUI_Cmd_Litho_ConfigOVL_Service"/>
			<ClassType name="GetContextConfigOVLRequest"/>
			<ClassType name="GetContextContentOVLRequest"/>
			<ClassType name="GetContextParametersOVLRequest"/>
			<ClassType name="SaveContextConfigOVLRequest"/>
		</ClassTypes>
		<Actions>
			<Action name="GetContextConfigOVL" classname="GreenUI_Cmd_Litho_ConfigOVL_Service" parameter="GetContextConfigOVLRequest"/>
			<Action name="GetContextContentOVL" classname="GreenUI_Cmd_Litho_ConfigOVL_Service" parameter="GetContextContentOVLRequest"/>
			<Action name="GetContextParametersOVL" classname="GreenUI_Cmd_Litho_ConfigOVL_Service" parameter="GetContextParametersOVLRequest"/>
			<Action name="SaveContextConfigOVL" classname="GreenUI_Cmd_Litho_ConfigOVL_Service" parameter="SaveContextConfigOVLRequest"/>
		</Actions>
    </Component>
	
	<Component OutputDllName="GreenUI_Cmd_Litho_CreateSpecialJob_Service.dll">
        <Url src="http://localhost:58251/Adapter/GreenUI_Cmd_Litho_CreateSpecialJob_Service.asmx" />
		<ClassTypes>
			<ClassType name="GreenUI_Cmd_Litho_CreateSpecialJob_Service"/>
			<ClassType name="GetReticleForLayerRequest"/>
			<ClassType name="QueryReferences4SpecialJobRequest"/>
			<ClassType name="SaveSpecialJobRequest"/>
		</ClassTypes>
		<Actions>
			<Action name="GetReticleForLayer" classname="GreenUI_Cmd_Litho_CreateSpecialJob_Service" parameter="GetReticleForLayerRequest"/>
			<Action name="QueryReferences4SpecialJob" classname="GreenUI_Cmd_Litho_CreateSpecialJob_Service" parameter="QueryReferences4SpecialJobRequest"/>
			<Action name="SaveSpecialJob" classname="GreenUI_Cmd_Litho_CreateSpecialJob_Service" parameter="SaveSpecialJobRequest"/>
		</Actions>
    </Component>
	
	<Component OutputDllName="GreenUI_Cmd_Litho_SpecialJobList_Service.dll">
        <Url src="http://localhost:58251/Adapter/GreenUI_Cmd_Litho_SpecialJobList_Service.asmx" />
		<ClassTypes>
			<ClassType name="GreenUI_Cmd_Litho_SpecialJobList_Service"/>
			<ClassType name="GetProductLayerListRequest"/>
			<ClassType name="GetToolListRequest"/>
			<ClassType name="QuerySpecialJobListRequest"/>
			<ClassType name="QuerySpecialJobParametersRequest"/>
		</ClassTypes>
		<Actions>
			<Action name="GetProductLayerList" classname="GreenUI_Cmd_Litho_SpecialJobList_Service" parameter="GetProductLayerListRequest"/>
			<Action name="GetToolList" classname="GreenUI_Cmd_Litho_SpecialJobList_Service" parameter="GetToolListRequest"/>
			<Action name="QuerySpecialJobList" classname="GreenUI_Cmd_Litho_SpecialJobList_Service" parameter="QuerySpecialJobListRequest"/>
			<Action name="QuerySpecialJobParameters" classname="GreenUI_Cmd_Litho_SpecialJobList_Service" parameter="QuerySpecialJobParametersRequest"/>
		</Actions>
    </Component>
</WebService>
